{
  "mae": 0.028018653064803486,
  "rmse": 0.03875362776414876,
  "accuracy": 0.9647058823529412,
  "precision": 0.975609756097561,
  "recall": 0.9523809523809523,
  "f1": 0.963855421686747,
  "test_n": 85
}