{
  "lo": [
    0.5659000277519226,
    0.10859999805688858,
    0.0,
    0.06669999659061432,
    0.2632000148296356,
    5.486199855804443,
    -0.11150000244379044,
    -0.2176000028848648,
    0.5687999725341797,
    0.5825999975204468,
    0.0
  ],
  "hi": [
    0.9768000245094299,
    0.5059999823570251,
    0.47620001435279846,
    0.5788999795913696,
    1.7856999635696411,
    10.699399948120117,
    0.11029999703168869,
    0.16130000352859497,
    0.9754999876022339,
    0.9664000272750854,
    6.0
  ],
  "rng": [
    0.4108999967575073,
    0.39739999175071716,
    0.47620001435279846,
    0.5121999979019165,
    1.522499918937683,
    5.213200092315674,
    0.22179999947547913,
    0.3788999915122986,
    0.4067000150680542,
    0.38380002975463867,
    6.0
  ],
  "cols": [
    "avg_reliability",
    "avg_delay_prob",
    "delay_rate",
    "on_time_rate",
    "carrier_load_norm",
    "cost_per_km",
    "trend_3d",
    "trend_7d",
    "rolling_3d",
    "rolling_7d",
    "weekday"
  ],
  "seq_len": 7
}